,Unnamed: 0.1,Unnamed: 0,Horodatage,Numéro participant,1. Je me sens bien. ,2. Je me sens nerveux(se) et agité(e).,3. Je me sens content(e) de moi-même. ,4. Je voudrais être aussi heureux(se) que les autres semblent l'être.,5. J'ai l'impression d'être un(e) raté(e). ,6. Je me sens reposé(e). ,7. Je suis d'un grand calme. ,8. Je sens que les difficultés s'accumulent au point où je n'arrive pas à les surmonter. ,9. Je m'en fais trop pour des choses qui n'en valent pas vraiment la peine. ,10. Je suis heureux(se). ,11. J'ai des pensées troublantes. ,12. Je manque de confiance en moi. ,13. Je me sens en sécurité. ,14. Prendre des décisions m'est facile. ,15. Je sens que je ne suis pas à la hauteur de la situation.,16. Je suis satisfait(e). ,17. Des idées sans importance me passent par la tête et me tracassent. ,18. Je prends les désappointements tellement à coeur que je n'arrive pas à les chasser de mon esprit. ,19. Je suis une personne qui a les nerfs solides. ,20. Je deviens tendu(e) ou bouleversé(e) quand je songe à mes préoccupations et à mes intérêts récents. 
0,6,6,2024-01-29 10:19:11,sub-007,3 - Souvent,3 - Souvent,2 - Quelquefois,2 - Quelquefois,2 - Quelquefois,1 - Presque jamais,1 - Presque jamais,2 - Quelquefois,3 - Souvent,3 - Souvent,1 - Presque jamais,3 - Souvent,3 - Souvent,2 - Quelquefois,2 - Quelquefois,3 - Souvent,2 - Quelquefois,2 - Quelquefois,2 - Quelquefois,2 - Quelquefois
1,8,8,2024-01-30 15:37:58,sub-010,3 - Souvent,2 - Quelquefois,3 - Souvent,2 - Quelquefois,1 - Presque jamais,2 - Quelquefois,2 - Quelquefois,2 - Quelquefois,2 - Quelquefois,2 - Quelquefois,1 - Presque jamais,2 - Quelquefois,3 - Souvent,2 - Quelquefois,2 - Quelquefois,2 - Quelquefois,1 - Presque jamais,2 - Quelquefois,2 - Quelquefois,2 - Quelquefois
2,9,9,2024-02-02 11:34:07,sub-011,3 - Souvent,3 - Souvent,2 - Quelquefois,3 - Souvent,2 - Quelquefois,2 - Quelquefois,2 - Quelquefois,2 - Quelquefois,4 - Presque toujours,3 - Souvent,2 - Quelquefois,4 - Presque toujours,3 - Souvent,2 - Quelquefois,2 - Quelquefois,3 - Souvent,3 - Souvent,3 - Souvent,4 - Presque toujours,3 - Souvent
3,10,10,2024-02-05 10:19:32,sub-012,4 - Presque toujours,3 - Souvent,4 - Presque toujours,2 - Quelquefois,2 - Quelquefois,4 - Presque toujours,2 - Quelquefois,2 - Quelquefois,4 - Presque toujours,4 - Presque toujours,1 - Presque jamais,2 - Quelquefois,3 - Souvent,2 - Quelquefois,2 - Quelquefois,3 - Souvent,4 - Presque toujours,3 - Souvent,3 - Souvent,2 - Quelquefois
4,11,11,2024-02-05 11:46:03,sub-013,4 - Presque toujours,2 - Quelquefois,4 - Presque toujours,2 - Quelquefois,1 - Presque jamais,3 - Souvent,4 - Presque toujours,2 - Quelquefois,2 - Quelquefois,4 - Presque toujours,2 - Quelquefois,2 - Quelquefois,4 - Presque toujours,3 - Souvent,1 - Presque jamais,4 - Presque toujours,2 - Quelquefois,1 - Presque jamais,3 - Souvent,2 - Quelquefois
5,12,12,2024-02-05 13:23:49,sub-014,3 - Souvent,2 - Quelquefois,3 - Souvent,3 - Souvent,2 - Quelquefois,3 - Souvent,3 - Souvent,2 - Quelquefois,1 - Presque jamais,3 - Souvent,1 - Presque jamais,2 - Quelquefois,4 - Presque toujours,3 - Souvent,2 - Quelquefois,3 - Souvent,1 - Presque jamais,1 - Presque jamais,4 - Presque toujours,2 - Quelquefois
6,13,13,2024-02-06 15:46:04,sub-015,3 - Souvent,3 - Souvent,4 - Presque toujours,3 - Souvent,1 - Presque jamais,2 - Quelquefois,2 - Quelquefois,1 - Presque jamais,3 - Souvent,3 - Souvent,2 - Quelquefois,1 - Presque jamais,3 - Souvent,2 - Quelquefois,2 - Quelquefois,2 - Quelquefois,2 - Quelquefois,3 - Souvent,2 - Quelquefois,1 - Presque jamais
7,14,14,2024-02-06 17:07:47,sub-016,3 - Souvent,2 - Quelquefois,3 - Souvent,2 - Quelquefois,1 - Presque jamais,2 - Quelquefois,3 - Souvent,1 - Presque jamais,2 - Quelquefois,3 - Souvent,2 - Quelquefois,2 - Quelquefois,4 - Presque toujours,2 - Quelquefois,2 - Quelquefois,3 - Souvent,1 - Presque jamais,2 - Quelquefois,1 - Presque jamais,2 - Quelquefois
8,15,15,2024-02-08 10:18:30,sub-017,2 - Quelquefois,2 - Quelquefois,1 - Presque jamais,2 - Quelquefois,2 - Quelquefois,2 - Quelquefois,3 - Souvent,1 - Presque jamais,3 - Souvent,3 - Souvent,1 - Presque jamais,4 - Presque toujours,3 - Souvent,3 - Souvent,4 - Presque toujours,2 - Quelquefois,2 - Quelquefois,2 - Quelquefois,2 - Quelquefois,3 - Souvent
9,16,16,2024-02-08 11:45:33,sub-018,4 - Presque toujours,1 - Presque jamais,3 - Souvent,1 - Presque jamais,1 - Presque jamais,3 - Souvent,3 - Souvent,1 - Presque jamais,2 - Quelquefois,3 - Souvent,1 - Presque jamais,1 - Presque jamais,4 - Presque toujours,3 - Souvent,1 - Presque jamais,4 - Presque toujours,2 - Quelquefois,1 - Presque jamais,3 - Souvent,3 - Souvent
10,17,17,2024-02-08 13:06:02,sub-019,4 - Presque toujours,2 - Quelquefois,4 - Presque toujours,2 - Quelquefois,1 - Presque jamais,2 - Quelquefois,2 - Quelquefois,1 - Presque jamais,1 - Presque jamais,4 - Presque toujours,1 - Presque jamais,2 - Quelquefois,4 - Presque toujours,3 - Souvent,1 - Presque jamais,4 - Presque toujours,1 - Presque jamais,1 - Presque jamais,4 - Presque toujours,2 - Quelquefois
11,18,18,2024-02-09 09:35:38,sub-020,3 - Souvent,2 - Quelquefois,2 - Quelquefois,2 - Quelquefois,2 - Quelquefois,2 - Quelquefois,3 - Souvent,2 - Quelquefois,3 - Souvent,3 - Souvent,1 - Presque jamais,2 - Quelquefois,3 - Souvent,2 - Quelquefois,2 - Quelquefois,2 - Quelquefois,3 - Souvent,3 - Souvent,2 - Quelquefois,2 - Quelquefois
12,19,19,2024-02-09 14:13:44,sub-021,4 - Presque toujours,1 - Presque jamais,3 - Souvent,1 - Presque jamais,1 - Presque jamais,3 - Souvent,3 - Souvent,1 - Presque jamais,2 - Quelquefois,4 - Presque toujours,1 - Presque jamais,1 - Presque jamais,4 - Presque toujours,4 - Presque toujours,1 - Presque jamais,3 - Souvent,1 - Presque jamais,3 - Souvent,3 - Souvent,2 - Quelquefois
13,20,20,2024-02-13 17:37:40,sub-022,3 - Souvent,2 - Quelquefois,4 - Presque toujours,1 - Presque jamais,2 - Quelquefois,3 - Souvent,4 - Presque toujours,1 - Presque jamais,1 - Presque jamais,4 - Presque toujours,1 - Presque jamais,1 - Presque jamais,4 - Presque toujours,3 - Souvent,2 - Quelquefois,3 - Souvent,1 - Presque jamais,4 - Presque toujours,3 - Souvent,2 - Quelquefois
14,21,21,2024-02-15 11:48:56,sub-023,3 - Souvent,2 - Quelquefois,3 - Souvent,2 - Quelquefois,3 - Souvent,2 - Quelquefois,3 - Souvent,2 - Quelquefois,2 - Quelquefois,3 - Souvent,2 - Quelquefois,2 - Quelquefois,4 - Presque toujours,3 - Souvent,2 - Quelquefois,3 - Souvent,2 - Quelquefois,2 - Quelquefois,4 - Presque toujours,2 - Quelquefois
15,22,22,2024-02-19 10:16:10,sub-024,3 - Souvent,3 - Souvent,2 - Quelquefois,2 - Quelquefois,3 - Souvent,2 - Quelquefois,1 - Presque jamais,2 - Quelquefois,4 - Presque toujours,3 - Souvent,2 - Quelquefois,2 - Quelquefois,3 - Souvent,1 - Presque jamais,2 - Quelquefois,3 - Souvent,4 - Presque toujours,3 - Souvent,2 - Quelquefois,4 - Presque toujours
16,23,23,2024-02-19 12:00:44,sub-025,3 - Souvent,3 - Souvent,2 - Quelquefois,4 - Presque toujours,1 - Presque jamais,2 - Quelquefois,2 - Quelquefois,3 - Souvent,4 - Presque toujours,3 - Souvent,2 - Quelquefois,2 - Quelquefois,3 - Souvent,1 - Presque jamais,2 - Quelquefois,3 - Souvent,3 - Souvent,3 - Souvent,2 - Quelquefois,2 - Quelquefois
17,24,24,2024-02-19 13:50:15,sub-026,3 - Souvent,2 - Quelquefois,3 - Souvent,3 - Souvent,1 - Presque jamais,3 - Souvent,2 - Quelquefois,1 - Presque jamais,4 - Presque toujours,3 - Souvent,1 - Presque jamais,2 - Quelquefois,4 - Presque toujours,3 - Souvent,1 - Presque jamais,3 - Souvent,1 - Presque jamais,3 - Souvent,2 - Quelquefois,2 - Quelquefois
18,25,25,2024-02-20 14:20:31,sub-027,3 - Souvent,3 - Souvent,2 - Quelquefois,2 - Quelquefois,1 - Presque jamais,3 - Souvent,2 - Quelquefois,2 - Quelquefois,2 - Quelquefois,4 - Presque toujours,2 - Quelquefois,3 - Souvent,4 - Presque toujours,2 - Quelquefois,2 - Quelquefois,3 - Souvent,3 - Souvent,1 - Presque jamais,2 - Quelquefois,2 - Quelquefois
19,26,26,2024-02-20 15:47:21,sub-028,4 - Presque toujours,3 - Souvent,4 - Presque toujours,2 - Quelquefois,1 - Presque jamais,3 - Souvent,2 - Quelquefois,1 - Presque jamais,2 - Quelquefois,4 - Presque toujours,2 - Quelquefois,1 - Presque jamais,4 - Presque toujours,3 - Souvent,3 - Souvent,4 - Presque toujours,2 - Quelquefois,3 - Souvent,3 - Souvent,3 - Souvent
20,27,27,2024-02-22 10:09:28,sub-029,4 - Presque toujours,3 - Souvent,4 - Presque toujours,2 - Quelquefois,1 - Presque jamais,2 - Quelquefois,2 - Quelquefois,1 - Presque jamais,3 - Souvent,4 - Presque toujours,2 - Quelquefois,4 - Presque toujours,4 - Presque toujours,2 - Quelquefois,1 - Presque jamais,3 - Souvent,1 - Presque jamais,2 - Quelquefois,3 - Souvent,3 - Souvent
21,28,28,2024-02-22 11:54:14,sub-030,1 - Presque jamais,4 - Presque toujours,2 - Quelquefois,3 - Souvent,2 - Quelquefois,1 - Presque jamais,2 - Quelquefois,3 - Souvent,3 - Souvent,2 - Quelquefois,3 - Souvent,4 - Presque toujours,3 - Souvent,1 - Presque jamais,4 - Presque toujours,2 - Quelquefois,4 - Presque toujours,2 - Quelquefois,1 - Presque jamais,3 - Souvent
22,29,29,2024-02-22 13:39:12,sub-031,4 - Presque toujours,1 - Presque jamais,4 - Presque toujours,1 - Presque jamais,2 - Quelquefois,4 - Presque toujours,3 - Souvent,1 - Presque jamais,2 - Quelquefois,4 - Presque toujours,1 - Presque jamais,1 - Presque jamais,4 - Presque toujours,4 - Presque toujours,4 - Presque toujours,4 - Presque toujours,2 - Quelquefois,2 - Quelquefois,3 - Souvent,1 - Presque jamais
23,30,30,2024-02-26 10:16:14,sub-032,2 - Quelquefois,2 - Quelquefois,1 - Presque jamais,3 - Souvent,4 - Presque toujours,1 - Presque jamais,2 - Quelquefois,3 - Souvent,2 - Quelquefois,2 - Quelquefois,2 - Quelquefois,3 - Souvent,2 - Quelquefois,2 - Quelquefois,3 - Souvent,2 - Quelquefois,3 - Souvent,3 - Souvent,2 - Quelquefois,3 - Souvent
24,31,31,2024-03-18 16:52:59,sub-033,3 - Souvent,2 - Quelquefois,3 - Souvent,2 - Quelquefois,2 - Quelquefois,2 - Quelquefois,2 - Quelquefois,2 - Quelquefois,2 - Quelquefois,3 - Souvent,2 - Quelquefois,2 - Quelquefois,3 - Souvent,1 - Presque jamais,2 - Quelquefois,3 - Souvent,2 - Quelquefois,1 - Presque jamais,3 - Souvent,1 - Presque jamais
25,32,32,2024-04-29 10:49:05,sub-034,4 - Presque toujours,3 - Souvent,4 - Presque toujours,2 - Quelquefois,1 - Presque jamais,2 - Quelquefois,3 - Souvent,2 - Quelquefois,2 - Quelquefois,4 - Presque toujours,2 - Quelquefois,1 - Presque jamais,3 - Souvent,3 - Souvent,2 - Quelquefois,3 - Souvent,2 - Quelquefois,2 - Quelquefois,4 - Presque toujours,1 - Presque jamais
26,33,33,2024-05-03 14:36:06,sub-035,3 - Souvent,1 - Presque jamais,3 - Souvent,2 - Quelquefois,1 - Presque jamais,3 - Souvent,4 - Presque toujours,1 - Presque jamais,1 - Presque jamais,3 - Souvent,1 - Presque jamais,2 - Quelquefois,3 - Souvent,3 - Souvent,3 - Souvent,3 - Souvent,1 - Presque jamais,1 - Presque jamais,3 - Souvent,1 - Presque jamais
27,34,34,2024-05-06 10:05:39,sub-036,4 - Presque toujours,2 - Quelquefois,3 - Souvent,2 - Quelquefois,2 - Quelquefois,1 - Presque jamais,2 - Quelquefois,2 - Quelquefois,3 - Souvent,3 - Souvent,2 - Quelquefois,4 - Presque toujours,2 - Quelquefois,1 - Presque jamais,2 - Quelquefois,3 - Souvent,3 - Souvent,2 - Quelquefois,1 - Presque jamais,2 - Quelquefois
28,35,35,2024-05-23 12:44:30,sub-037,3 - Souvent,2 - Quelquefois,3 - Souvent,1 - Presque jamais,1 - Presque jamais,3 - Souvent,4 - Presque toujours,2 - Quelquefois,1 - Presque jamais,3 - Souvent,1 - Presque jamais,1 - Presque jamais,4 - Presque toujours,4 - Presque toujours,2 - Quelquefois,4 - Presque toujours,1 - Presque jamais,2 - Quelquefois,4 - Presque toujours,2 - Quelquefois
29,36,36,2024-05-27 10:09:42,sub-038,3 - Souvent,2 - Quelquefois,3 - Souvent,3 - Souvent,2 - Quelquefois,3 - Souvent,4 - Presque toujours,2 - Quelquefois,4 - Presque toujours,3 - Souvent,1 - Presque jamais,2 - Quelquefois,4 - Presque toujours,2 - Quelquefois,2 - Quelquefois,3 - Souvent,3 - Souvent,3 - Souvent,3 - Souvent,3 - Souvent
30,37,37,2024-06-03 14:14:18,sub-039,4 - Presque toujours,3 - Souvent,3 - Souvent,2 - Quelquefois,2 - Quelquefois,3 - Souvent,3 - Souvent,2 - Quelquefois,2 - Quelquefois,3 - Souvent,3 - Souvent,4 - Presque toujours,4 - Presque toujours,1 - Presque jamais,3 - Souvent,3 - Souvent,2 - Quelquefois,2 - Quelquefois,2 - Quelquefois,2 - Quelquefois
31,38,38,2024-06-07 13:06:03,sub-040,3 - Souvent,2 - Quelquefois,3 - Souvent,3 - Souvent,1 - Presque jamais,2 - Quelquefois,2 - Quelquefois,1 - Presque jamais,3 - Souvent,3 - Souvent,1 - Presque jamais,3 - Souvent,3 - Souvent,3 - Souvent,2 - Quelquefois,3 - Souvent,3 - Souvent,2 - Quelquefois,3 - Souvent,2 - Quelquefois
32,39,39,2024-06-10 14:05:42,sub-041,4 - Presque toujours,2 - Quelquefois,3 - Souvent,2 - Quelquefois,2 - Quelquefois,2 - Quelquefois,3 - Souvent,1 - Presque jamais,2 - Quelquefois,4 - Presque toujours,1 - Presque jamais,2 - Quelquefois,4 - Presque toujours,3 - Souvent,2 - Quelquefois,4 - Presque toujours,2 - Quelquefois,2 - Quelquefois,3 - Souvent,2 - Quelquefois
33,40,40,2024-06-10 15:59:05,sub-042,4 - Presque toujours,1 - Presque jamais,3 - Souvent,1 - Presque jamais,1 - Presque jamais,4 - Presque toujours,4 - Presque toujours,1 - Presque jamais,2 - Quelquefois,4 - Presque toujours,1 - Presque jamais,1 - Presque jamais,4 - Presque toujours,3 - Souvent,1 - Presque jamais,4 - Presque toujours,2 - Quelquefois,1 - Presque jamais,4 - Presque toujours,1 - Presque jamais
34,41,41,2024-06-13 10:13:58,sub-043,3 - Souvent,2 - Quelquefois,3 - Souvent,2 - Quelquefois,1 - Presque jamais,2 - Quelquefois,2 - Quelquefois,2 - Quelquefois,3 - Souvent,3 - Souvent,1 - Presque jamais,2 - Quelquefois,4 - Presque toujours,3 - Souvent,3 - Souvent,3 - Souvent,2 - Quelquefois,2 - Quelquefois,2 - Quelquefois,2 - Quelquefois
35,42,42,2024-06-20 12:07:59,sub_044,3 - Souvent,2 - Quelquefois,2 - Quelquefois,1 - Presque jamais,2 - Quelquefois,2 - Quelquefois,2 - Quelquefois,2 - Quelquefois,2 - Quelquefois,3 - Souvent,1 - Presque jamais,3 - Souvent,3 - Souvent,2 - Quelquefois,2 - Quelquefois,3 - Souvent,1 - Presque jamais,2 - Quelquefois,2 - Quelquefois,2 - Quelquefois
36,43,43,2024-07-04 10:14:18,sub-045,3 - Souvent,3 - Souvent,2 - Quelquefois,2 - Quelquefois,2 - Quelquefois,3 - Souvent,4 - Presque toujours,2 - Quelquefois,3 - Souvent,3 - Souvent,1 - Presque jamais,3 - Souvent,3 - Souvent,2 - Quelquefois,2 - Quelquefois,3 - Souvent,2 - Quelquefois,2 - Quelquefois,2 - Quelquefois,2 - Quelquefois
37,44,44,2024-07-08 14:18:39,sub-046,3 - Souvent,2 - Quelquefois,2 - Quelquefois,1 - Presque jamais,1 - Presque jamais,2 - Quelquefois,3 - Souvent,1 - Presque jamais,2 - Quelquefois,3 - Souvent,1 - Presque jamais,3 - Souvent,4 - Presque toujours,2 - Quelquefois,2 - Quelquefois,3 - Souvent,1 - Presque jamais,2 - Quelquefois,4 - Presque toujours,2 - Quelquefois
38,45,45,2024-07-11 10:13:03,sub-047,2 - Quelquefois,1 - Presque jamais,2 - Quelquefois,4 - Presque toujours,3 - Souvent,3 - Souvent,1 - Presque jamais,4 - Presque toujours,3 - Souvent,3 - Souvent,2 - Quelquefois,2 - Quelquefois,2 - Quelquefois,2 - Quelquefois,3 - Souvent,2 - Quelquefois,2 - Quelquefois,3 - Souvent,1 - Presque jamais,3 - Souvent
39,46,46,2024-07-25 10:21:20,sub-048,3 - Souvent,2 - Quelquefois,3 - Souvent,3 - Souvent,2 - Quelquefois,3 - Souvent,3 - Souvent,3 - Souvent,2 - Quelquefois,3 - Souvent,1 - Presque jamais,2 - Quelquefois,4 - Presque toujours,3 - Souvent,3 - Souvent,2 - Quelquefois,2 - Quelquefois,1 - Presque jamais,4 - Presque toujours,1 - Presque jamais
40,47,47,2024-08-01 10:03:57,sub-049,2 - Quelquefois,3 - Souvent,1 - Presque jamais,2 - Quelquefois,1 - Presque jamais,1 - Presque jamais,2 - Quelquefois,2 - Quelquefois,3 - Souvent,2 - Quelquefois,1 - Presque jamais,3 - Souvent,3 - Souvent,3 - Souvent,2 - Quelquefois,1 - Presque jamais,2 - Quelquefois,2 - Quelquefois,3 - Souvent,1 - Presque jamais
41,48,48,2024-08-05 15:55:23,sub-050,4 - Presque toujours,2 - Quelquefois,3 - Souvent,3 - Souvent,1 - Presque jamais,2 - Quelquefois,2 - Quelquefois,1 - Presque jamais,2 - Quelquefois,4 - Presque toujours,1 - Presque jamais,2 - Quelquefois,4 - Presque toujours,3 - Souvent,1 - Presque jamais,3 - Souvent,2 - Quelquefois,2 - Quelquefois,4 - Presque toujours,1 - Presque jamais
42,49,49,2024-08-08 12:18:11,sub-051,3 - Souvent,2 - Quelquefois,3 - Souvent,2 - Quelquefois,1 - Presque jamais,2 - Quelquefois,3 - Souvent,2 - Quelquefois,1 - Presque jamais,3 - Souvent,1 - Presque jamais,1 - Presque jamais,3 - Souvent,4 - Presque toujours,1 - Presque jamais,3 - Souvent,1 - Presque jamais,1 - Presque jamais,4 - Presque toujours,2 - Quelquefois
